{
    "rotation_matrix": [
        [
            -0.03315834031294762,
            0.316832187454778,
            -0.9479018353502178
        ],
        [
            0.9993634591625566,
            0.022999170520772605,
            -0.027271132099817186
        ],
        [
            0.013160583510619661,
            -0.9482027226010148,
            -0.3173931251518898
        ]
    ],
    "translation_vector": [
        1.6612679003532795,
        0.04422191786193201,
        0.6137580796371457
    ],
    "quaternion": {
        "x": 0.5615237337633578,
        "y": 0.585992883059515,
        "z": -0.4161628421184084,
        "w": -0.41001454396641074
    },
    "euler_angles_deg": {
        "rx": -108.50700613217865,
        "ry": -0.7540676596964965,
        "rz": 91.9003459029505
    },
    "position": {
        "x": 1.6612679003532795,
        "y": 0.04422191786193201,
        "z": 0.6137580796371457
    },
    "calibration_type": "eye_to_hand",
    "method": "TSAI",
    "camera_matrix": [
        [
            891.262514267632,
            0.0,
            633.7167875499189
        ],
        [
            0.0,
            890.28218185986,
            379.70897622298037
        ],
        [
            0.0,
            0.0,
            1.0
        ]
    ],
    "dist_coeffs": [
        0.088413296171903,
        -0.23104544984007216,
        0.009695629729244598,
        -0.003576011289637859,
        0.010905781380834915
    ],
    "checkerboard": {
        "corner_point_long": 9,
        "corner_point_short": 13,
        "corner_point_size": 0.04,
        "unit": "meters"
    }
}
