{
    "rotation_matrix": [
        [
            0.027898581062719252,
            0.370009626702796,
            -0.9286089302402516
        ],
        [
            -0.053035439803906764,
            -0.9271142024374812,
            -0.3710074093108107
        ],
        [
            -0.998202840759078,
            0.05959976330465422,
            -0.006241547447238149
        ]
    ],
    "translation_vector": [
        -0.07925382059963396,
        0.06851003074224059,
        -0.005864713437718116
    ],
    "homogeneous_matrix": [
        [
            0.027898581062719252,
            0.370009626702796,
            -0.9286089302402516,
            -0.07925382059963396
        ],
        [
            -0.053035439803906764,
            -0.9271142024374812,
            -0.3710074093108107,
            0.06851003074224059
        ],
        [
            -0.998202840759078,
            0.05959976330465422,
            -0.006241547447238149,
            -0.005864713437718116
        ],
        [
            0.0,
            0.0,
            0.0,
            1.0
        ]
    ],
    "quaternion": {
        "x": 0.7002239518445935,
        "y": 0.11316886049951842,
        "z": -0.6879269717650857,
        "w": 0.15373909000153466
    },
    "euler_angles_deg": {
        "rx": 95.97847207325425,
        "ry": 86.5644523755596,
        "rz": -62.25398844885999
    },
    "position": {
        "x": -0.07925382059963396,
        "y": 0.06851003074224059,
        "z": -0.005864713437718116
    },
    "calibration_type": "eye_in_hand",
    "method": "TSAI",
    "camera_matrix": [
        [
            890.4065654395434,
            0.0,
            660.2781700999525
        ],
        [
            0.0,
            885.2870854251792,
            354.9088533209068
        ],
        [
            0.0,
            0.0,
            1.0
        ]
    ],
    "dist_coeffs": [
        0.07652722147383725,
        -0.1266858968429465,
        -0.0034566173973095316,
        0.005490634505456279,
        -0.1138093459644721
    ],
    "checkerboard": {
        "corner_point_long": 7,
        "corner_point_short": 10,
        "corner_point_size": 0.015,
        "unit": "meters"
    }
}